1.33199E+15,0.102513278,0.001578561,-0.023663122,0.005526154,0.005895152,0.032471362
1.33199E+15,0.171319468,0.001665471,-0.038504655,-5.68E-05,0.039578894,0.021250994
1.33199E+15,0.212106294,0.001321228,-0.038938624,0.002563281,0.027404378,0.008784808
1.33199E+15,0.250123586,0.002192229,-0.03887121,0.013598455,0.024137434,0.023109884
1.33199E+15,0.287194831,0.00256293,-0.037613701,-0.004003912,0.025940619,0.016471139
1.33199E+15,0.322568429,0.001390181,-0.033797102,0.000989971,0.022016182,0.007899467
1.33199E+15,0.352546135,0.003318819,-0.029142927,0.005344602,0.029987443,0.027656165
1.33199E+15,0.3882975,0.001502879,-0.020460081,-0.020689618,0.053778109,-0.006844336
1.33199E+15,0.393754581,-0.005051635,0.000443236,0.039302541,0.052787042,-0.014195913
1.33199E+15,0.382374785,0.00630003,0.020434702,-0.0271509,0.028195456,0.025973895
1.33199E+15,0.345329265,-0.00322635,0.028121266,0.008670113,0.009300506,-0.020413894
1.33199E+15,0.303253847,-0.000128253,0.027546002,0.010409009,0.002382845,0.000221781
1.33199E+15,0.315645644,0.000310049,0.029423306,-0.017714968,-0.004171017,-0.01167909
1.33199E+15,0.27340759,-0.003847589,0.024414475,0.025874128,-0.010045008,-0.027033817
1.33199E+15,0.253395302,-0.001659104,0.020111776,-0.009477636,-0.015595209,-0.01840952
1.33199E+15,0.230865194,-0.0024918,0.014808078,0.004559981,-0.024018621,-0.025317431
1.33199E+15,0.221669716,-0.002705933,0.008973956,0.003028431,-0.032543513,-0.028628248
1.33199E+15,0.190624633,-0.003136342,0.001626387,0.005516694,-0.035343426,-0.031689291
1.33199E+15,0.192298219,-0.001889601,-0.005048707,0.00155497,-0.022484119,-0.014892308
1.33199E+15,0.204537842,-0.001120767,-0.009918372,-0.01080931,-0.010955752,-0.010280414
1.33199E+15,0.236319555,-0.00207117,-0.013986118,0.007593404,-0.004016033,-0.012940836
1.33199E+15,0.24639276,0.001602229,-0.015598768,0.004116408,-0.00540632,0.024735609
1.33199E+15,0.25291708,0.002212572,-0.017559377,-0.012735777,0.002200066,0.01859378
1.33199E+15,0.278772112,0.000927569,-0.018819231,0.008099684,0.00942336,0.013872101
1.33199E+15,0.221927381,0.003374284,-0.012985892,-0.004771171,0.004172122,0.035584593
1.33199E+15,0.314836287,0.00242897,-0.017260708,-0.009755753,0.005236711,0.013761068
1.33199E+15,0.300728863,0.002233203,-0.014937744,0.017952574,0.00711326,0.022256673
1.33199E+15,0.30681952,0.006992078,-0.013209809,-0.008463587,0.013817218,0.044493473
1.33199E+15,0.348019934,0.001383024,-0.010321049,0.007613094,0.021296616,0.00782781
1.33199E+15,0.345112557,0.007438875,-0.003024497,0.003888478,0.010413206,0.051397811
1.33199E+15,0.305371561,0.00359198,0.000273704,-0.021340791,0.005098184,0.011446145
1.33199E+15,0.308061919,0.001657185,0.001849197,0.030763526,0.003297736,0.024207608
1.33199E+15,0.303552472,0.008501111,0.002567877,-0.027290463,0.005544358,0.040956796
1.33199E+15,0.292433959,0.000651848,0.003973243,0.024392473,0.005614224,0.011973069
1.33199E+15,0.288108305,0.006438538,0.005343119,-0.006938453,-0.002326872,0.048986095
1.33199E+15,0.276600086,0.001787251,0.004230155,-0.007404537,-0.007681369,0.007273164
1.33199E+15,0.267654433,0.003246151,0.001990353,0.02886397,-0.00901323,0.039175499
1.33199E+15,0.263652258,0.005841702,-0.000779338,-0.032459709,0.002623436,0.031760931
1.33199E+15,0.275514305,-0.000733881,-0.00020114,0.031038548,0.001536434,-0.002483705
1.33199E+15,0.266359107,0.003358042,7.19E-05,-0.008371568,-0.012388238,0.025750334
1.33199E+15,0.263678603,-0.003090549,-0.003235091,-0.009845177,-0.010182033,-0.032293886
1.33199E+15,0.26737991,-0.002539869,-0.005747302,0.030492163,0.001147732,-0.002310495
1.33199E+15,0.277960407,0.001162134,-0.005775605,-0.037693612,-0.000787888,-0.005475448
1.33199E+15,0.27729615,-0.007028698,-0.005701489,0.026878118,-0.000985269,-0.04713618
1.33199E+15,0.27953722,0.000791756,-0.005951516,0.00609084,-0.007169187,0.01099373
1.33199E+15,0.276932401,-0.003554,-0.007804349,-0.022972945,-0.00365642,-0.036161048
1.33199E+15,0.29326798,-0.003137197,-0.008881476,0.027785431,0.007761156,-0.007197436
1.33199E+15,0.300355736,0.003849345,-0.007024389,-0.039770073,-0.001791575,0.011216343
1.33199E+15,0.28261036,-0.006361723,-0.006969327,0.023191358,-0.004773296,-0.030954807
1.33199E+15,0.275574912,0.006129743,-0.008323861,0.001394151,-0.004484534,0.051625614
1.33199E+15,0.276991623,-0.000536363,-0.009913276,-0.019632618,0.004200458,-0.010631062
1.33199E+15,0.273405681,0.00065105,-0.00854608,0.030868886,0.001740369,0.026391518
1.33199E+15,0.27193582,0.006199547,-0.008496816,-0.0341855,-0.006336393,0.032806467
1.33199E+15,0.269721589,-0.003397022,-0.010206827,0.02824648,-0.001925155,-0.013473827
1.33199E+15,0.26355394,0.007237863,-0.010812421,-0.004123756,-0.003266478,0.056713575
1.33199E+15,0.273852003,0.000229973,-0.01248315,-0.013064382,0.003034346,-0.007119356
1.33199E+15,0.273821051,0.001443918,-0.011598488,0.028865557,0.005531846,0.028995649
1.33199E+15,0.282195423,0.006627564,-0.010928424,-0.03065831,-0.001056222,0.033724978
1.33199E+15,0.296586324,-0.002529963,-0.01188767,0.021051466,0.000995099,-0.00777794
1.33199E+15,0.297761058,0.004009981,-0.011824048,-0.011594559,-0.000521925,0.032094226
1.33199E+15,0.303441691,-0.002734579,-0.012358008,-0.011346103,0.005405641,-0.023619173
1.33199E+15,0.308365396,-0.00108811,-0.010723984,0.021979376,0.009004273,0.004691376
1.33199E+15,0.308609885,0.003143905,-0.008138391,-0.025046824,0.001470898,0.009696099
1.33199E+15,0.259147351,-0.003348752,-0.006387171,0.016521067,0.00302194,-0.021696065
1.33199E+15,0.30743112,0.001212692,-0.006644554,0.000493139,-0.001175534,0.008791061
1.33199E+15,0.32433503,-0.007473043,-0.007191566,-0.011821167,0.00093935,-0.055258077
1.33199E+15,0.27175941,-0.004835667,-0.005350952,0.022518968,0.004849427,-0.025513417
1.33199E+15,0.31060867,0.001679959,-0.004633379,-0.026832192,-0.004229758,0.000395038
1.33199E+15,0.288105789,-0.005079399,-0.005346538,0.018250259,-0.003129351,-0.029527009
1.33199E+15,0.270094903,0.001796994,-0.005864821,-0.000821908,-0.005505139,0.019237304
1.33199E+15,0.281939668,-0.001429921,-0.007757075,-0.019086691,-0.004991483,-0.016520697
1.33199E+15,0.296350338,-0.002954067,-0.0094489,0.024883388,0.003020441,-0.006136893
1.33199E+15,0.285791441,0.003541352,-0.008428454,-0.026924258,0.000240248,0.013904252
1.33199E+15,0.277496853,-0.004184988,-0.008062007,0.015299721,-0.001407598,-0.024526606
1.33199E+15,0.262330631,0.002092553,-0.008018556,-0.003449493,-0.011810922,0.022417723
1.33199E+15,0.291460928,-0.002091403,-0.012429994,-0.016194947,-0.004131764,-0.023003214
1.33199E+15,0.265869968,-0.002174997,-0.012287554,0.022580893,0.006428702,-0.007188354
1.33199E+15,0.300993366,0.001486347,-0.012035049,-0.024170403,0.001734243,-0.00027784
1.33199E+15,0.27787265,-0.005702672,-0.010507192,0.015653101,-0.0003893,-0.038106158
1.33199E+15,0.256941843,0.000182026,-0.009764605,-0.000537264,-0.006553766,0.00548078
1.33199E+15,0.289714334,-0.004437242,-0.012828305,-0.015303317,-0.002967567,-0.036344999
1.33199E+15,0.279807983,-0.004739796,-0.012978649,0.02151321,0.008718971,-0.021958938
1.33199E+15,0.289189449,0.000321897,-0.010882383,-0.020210608,0.005468022,-0.003295772
1.33199E+15,0.278101889,-0.006961345,-0.008782023,0.012714952,0.000838526,-0.044709885
1.33199E+15,0.280490491,0.001692751,-0.00857732,0.001565312,-0.007200807,0.022526947
1.33199E+15,0.290164864,0.000577928,-0.011122396,-0.01958969,0.001314348,-0.005192968
1.33199E+15,0.307271856,-0.000722141,-0.011290607,0.026154626,0.013597306,0.008794631
1.33199E+15,0.305567557,0.005530885,-0.00732506,-0.023161468,0.011947751,0.029887109
1.33199E+15,0.316772349,-0.00315908,-0.00389905,0.014337443,0.042036662,-0.016127896
1.33199E+15,0.314524686,0.004270264,0.009252886,0.003052937,0.031342757,0.030429782
1.33199E+15,0.275004666,0.002946298,0.016496085,-0.030792646,-0.025469057,0.00933697
1.33199E+15,0.210857045,-0.000606772,0.007271102,0.032387707,-0.050379877,0.004038353
1.33199E+15,0.187146354,0.003068111,-0.003084696,-0.018067016,-0.034246915,0.036346795
1.33199E+15,0.24744463,-0.00156612,-0.012691397,-0.00768066,-0.00300926,-0.018385334
1.33199E+15,0.255483018,0.002221439,-0.013842886,0.020527642,0.016213814,0.025235364
1.33199E+15,0.269287191,-0.00030373,-0.010250123,-0.026398243,0.005422904,-0.014026134
1.33199E+15,0.266119284,-0.00461491,-0.008569373,0.02111532,-0.01672228,-0.028868582
1.33199E+15,0.243166249,-0.00074538,-0.011873852,-0.011161564,-0.019759752,-0.00806078
1.33199E+15,0.255118519,-0.0043024,-0.017414515,0.002542237,-0.000694328,-0.033112333
1.33199E+15,0.280724989,-0.002310818,-0.019240988,0.003816326,0.020049057,-0.011089934
1.33199E+15,0.297544935,-0.003121538,-0.014318727,-0.009516391,0.012996993,-0.022057734
1.33199E+15,0.284973454,-0.00402468,-0.009869374,0.00446218,-0.002953676,-0.025922556
1.33199E+15,0.295109096,-0.002942078,-0.010975552,-0.001312009,-0.007587076,-0.019025826
1.33199E+15,0.288751071,-0.002449421,-0.012829979,-0.001993981,0.008266388,-0.01942627
1.33199E+15,0.293965134,-0.003538592,-0.010495708,0.004300384,0.019044144,-0.020886552
1.33199E+15,0.323220457,-0.00229762,-0.005270801,-0.000321662,0.009732203,-0.01453032
1.33199E+15,0.303112489,-0.002577988,-0.001876912,-0.005069429,0.002834303,-0.021714943
1.33199E+15,0.298882487,-0.002894945,-0.000856588,0.00843996,-0.009820275,-0.01314881
1.33199E+15,0.297025312,-0.001226943,-0.003710064,-0.015383483,-0.005763878,-0.014840456
1.33199E+15,0.302087154,-0.004563885,-0.005370816,0.012288948,0.00877824,-0.0273333
1.33199E+15,0.303443596,-0.000345365,-0.002676101,-0.005519973,0.003283639,-0.000122006
1.33199E+15,0.28811101,-0.00239705,-0.00155693,-0.005958593,-0.00533862,-0.023146337
1.33199E+15,0.28834508,-0.000920051,-0.003000461,0.020004675,-0.008409159,0.006834374
1.33199E+15,0.289275644,0.00110352,-0.005522174,-0.025921929,-8.74E-05,-0.00503767
1.33199E+15,0.274684031,-0.004078601,-0.005155581,0.028713862,0.006646143,-0.017337764
1.33199E+15,0.262898825,0.003723137,-0.003316573,-0.020297379,-0.007567973,0.024205273
1.33199E+15,0.255826734,-0.003674597,-0.005195592,0.001369512,-0.011815584,-0.031966739
1.33199E+15,0.25808061,0.000568913,-0.008225392,0.018388772,-0.007036128,0.01992484
1.33199E+15,0.261102733,0.001235156,-0.010289612,-0.032618498,0.003831782,-0.006485245
1.33199E+15,0.278597375,-0.004539724,-0.009781982,0.029169134,0.009063772,-0.016502002
1.33199E+15,0.264749778,0.003354659,-0.007009252,-0.021285115,-0.008777272,0.022665194
1.33199E+15,0.259412678,-0.004126314,-0.009179305,0.001275396,-0.00906663,-0.035309711
1.33199E+15,0.266712331,0.001204945,-0.011807247,0.01632607,-0.00269691,0.019609523
1.33199E+15,0.282277493,0.001027369,-0.0133501,-0.02616482,0.006358106,-0.006143599
1.33199E+15,0.283600026,-0.004338733,-0.011510621,0.026712758,0.004878082,-0.018678998
1.33199E+15,0.277579516,0.003581242,-0.010019695,-0.015683938,-0.003999182,0.021237887
1.33199E+15,0.283928105,-0.003613038,-0.011400373,0.002673436,-0.001812702,-0.026957957
1.33199E+15,0.290807567,-7.03E-05,-0.012135561,0.015370196,0.032415976,0.008619895
1.33199E+15,0.260937659,0.002011433,-0.002512701,-0.018929115,0.037544981,0.008898365
1.33199E+15,0.28076811,-0.00334262,0.007885355,0.015757204,0.004314142,-0.023246902
1.33199E+15,0.242997152,0.001333209,0.007873498,-0.000544774,-0.042935066,0.013750634
1.33199E+15,0.220418704,-0.000734093,-0.002352395,-0.013395033,-0.04175547,-0.011281422
1.33199E+15,0.258830092,-0.00202081,-0.013502485,0.022334954,-0.010846966,-0.005735908
1.33199E+15,0.282640992,0.000876151,-0.017874223,-0.01731678,0.014813198,0.002179196
1.33199E+15,0.277432008,-0.003793877,-0.013330517,0.00447736,0.013912135,-0.026307577
1.33199E+15,0.268377129,-0.001181126,-0.009052318,0.002527272,-0.003008551,-0.003904718
1.33199E+15,0.238850735,-0.001767356,-0.00872826,-0.012785349,-0.020223038,-0.014590544
1.33199E+15,0.263922931,-0.003768801,-0.014867564,0.0066948,-0.006721542,-0.022331045
1.33199E+15,0.272004486,-0.001675421,-0.017073492,-0.003247657,0.012661674,-0.009055318
1.33199E+15,0.284746559,-0.001706974,-0.014202331,-0.00728487,0.012249825,-0.011985169
1.33199E+15,0.281107345,-0.004645616,-0.010459782,0.006057674,0.001652711,-0.025555964
1.33199E+15,0.271366737,-0.001347193,-0.009577381,6.73E-05,-0.015405462,-0.006232773
1.33199E+15,0.285316356,-0.003279176,-0.014390105,-0.00187539,-0.002702483,-0.024018649
1.33199E+15,0.300184423,-0.00361379,-0.015777487,0.016659678,0.013135819,-0.012741609
1.33199E+15,0.304039286,0.001418744,-0.012035723,-0.020410497,0.013625128,0.003718634
1.33199E+15,0.289714888,-0.007304067,-0.007374682,0.012785924,0.002104667,-0.03998073
1.33199E+15,0.280599764,0.000885111,-0.00649831,-0.007078765,-0.012834928,0.009082455
1.33199E+15,0.284379702,-0.003918684,-0.01018858,-0.011819859,-0.005083859,-0.036832902
1.33199E+15,0.281523408,-0.002769507,-0.011303373,0.019580822,0.006530027,-0.010481105
1.33199E+15,0.306237425,-0.001131859,-0.010255939,-0.028024021,4.71E-05,-0.027916769
1.33199E+15,0.288788273,-0.009910089,-0.009325797,0.021145276,0.00383838,-0.065935074
1.33199E+15,0.277190338,-0.001973531,-0.007738997,-0.010998868,-0.004996965,-0.016399737
1.33199E+15,0.258406855,-0.008869007,-0.008245744,-0.007406655,-0.010288533,-0.069377956
1.33199E+15,0.283883189,-0.008084127,-0.011629534,0.024930723,-0.00105627,-0.032562612
1.33199E+15,0.267638097,-0.004077704,-0.011064073,-0.036672493,-0.000874465,-0.049645901
1.33199E+15,0.26356025,-0.009580315,-0.01065811,0.028308547,0.001179252,-0.065293298
1.33199E+15,0.242905175,-0.000893095,-0.009437848,-0.008697539,-0.005271623,-0.003720844
1.33199E+15,0.28356318,-0.009863238,-0.012220219,-0.017859063,-0.011961847,-0.073615219
1.33199E+15,0.271165694,-0.006068926,-0.01450021,0.023938978,0.001621519,-0.028225162
1.33199E+15,0.292205357,-0.003042245,-0.015004571,-0.029602038,0.001286937,-0.034305516
1.33199E+15,0.270688179,-0.007704344,-0.013176062,0.010209443,0.002408293,-0.05490461
1.33199E+15,0.274102216,-0.003356075,-0.012490265,-0.005572148,-0.001419952,-0.022939618
1.33199E+15,0.276105903,-0.006212284,-0.012763911,-0.004198192,-0.002133098,-0.05046879
1.33199E+15,0.285530713,-0.005013846,-0.013531003,0.008683222,0.008813409,-0.026359664
1.33199E+15,0.282447902,-0.00436959,-0.010716059,-0.019019361,0.006945039,-0.040335683
1.33199E+15,0.280040835,-0.007480424,-0.008382073,0.014235165,0.005146721,-0.046996337
1.33199E+15,0.298986905,-0.003957661,-0.007226977,-0.009788206,-0.004306316,-0.027564371
1.33199E+15,0.280259767,-0.008493287,-0.007709016,0.003178214,-0.004404336,-0.060424221
1.33199E+15,0.304961712,-0.00511357,-0.00944061,-0.000374847,0.005789108,-0.032522339
1.33199E+15,0.296042528,-0.00883494,-0.007133998,-0.006076643,0.005622947,-0.067004385
1.33199E+15,0.299655926,-0.008166418,-0.005108194,0.017424713,0.006933159,-0.04879312
1.33199E+15,0.299267171,-0.005863412,-0.002685412,-0.01598461,-0.004239784,-0.045373272
1.33199E+15,0.298700176,-0.010740666,-0.003427055,0.018935417,-0.007003632,-0.067563904
1.33199E+15,0.289639431,-0.00344148,-0.005011063,-0.018125921,-0.00262251,-0.025203241
1.33199E+15,0.289193529,-0.01038475,-0.005354491,-0.001614157,0.00895591,-0.077931361
1.33199E+15,0.234666973,-0.004842269,-0.001886796,0.026170589,0.010646042,-0.035205066
1.33199E+15,0.328175531,-0.005321231,0.001233521,-0.036208145,0.000803993,-0.043706109
1.33199E+15,0.300596074,-0.013825114,0.001963462,0.04800353,0.002049726,-0.078723021
1.33199E+15,0.293771046,-0.003564313,0.002863146,-0.00690798,0.002866022,-0.023470171
1.33199E+15,0.299839055,-0.008588529,0.00444618,-0.018504472,-0.003735165,-0.067703197
1.33199E+15,0.298552691,-0.008543516,0.004215015,0.031253385,0.000542111,-0.045834147
1.33199E+15,0.289695853,-0.0050454,0.004747043,-0.031311111,-0.006287445,-0.049364818
1.33199E+15,0.29956306,-0.010171395,0.003964334,0.037264951,0.004498766,-0.064369705
1.33199E+15,0.292348467,-0.003856032,0.005744322,-0.018992988,0.001200771,-0.033371877
1.33199E+15,0.303081137,-0.010573333,0.007252845,0.001653405,-0.008425014,-0.067350836
1.33199E+15,0.275739375,-0.008701546,0.005137645,0.019981603,-0.011735903,-0.052222067
1.33199E+15,0.274348717,-0.00644426,0.002606492,-0.016063469,-0.009846572,-0.05676781
1.33199E+15,0.282353031,-0.007682042,0.000934799,0.030806237,0.004464837,-0.05046272
1.33199E+15,0.266729167,-0.003828037,0.002713215,-0.021772305,-0.000625361,-0.028619012
1.33199E+15,0.308670059,-0.011194905,0.003977832,0.002912558,-0.003614254,-0.075078305
1.33199E+15,0.279655712,-0.005153235,0.003556067,-0.001055792,-0.005438042,-0.041573063
1.33199E+15,0.264464621,-0.006368524,0.002689905,-0.011348948,-0.014228789,-0.05549634
1.33199E+15,0.258991636,-0.007648056,-0.000189157,0.013967975,-0.009153695,-0.048243111
1.33199E+15,0.27471716,-0.008460734,-0.001931611,-0.003966017,-0.006608642,-0.055206171
1.33199E+15,0.280465587,-0.006839402,-0.00299047,-0.001500285,0.000664948,-0.050680689
1.33199E+15,0.277053931,-0.007394968,-0.001904945,0.002650982,-0.00504774,-0.054131639
1.33199E+15,0.283070599,-0.005763992,-0.00256924,-0.007868579,-0.014160794,-0.042458618
1.33199E+15,0.278788248,-0.007826494,-0.005677995,-0.002620798,-0.006762548,-0.059752835
1.33199E+15,0.285666752,-0.006294501,-0.006925517,0.002724589,0.008333458,-0.043315584
1.33199E+15,0.301233956,-0.006906427,-0.004063157,-0.01234003,0.00877965,-0.049368655
1.33199E+15,0.305931198,-0.009836391,-0.000547046,0.010208405,0.002003773,-0.062041988
1.33199E+15,0.279063211,-0.005268222,0.000719712,-0.003172212,-0.007097222,-0.03796691
1.33199E+15,0.281135387,-0.008214236,-0.000551327,-0.003345728,-0.002148089,-0.05973409
1.33199E+15,0.281993633,-0.004831122,-0.000482282,0.014446885,0.003162304,-0.025765685
1.33199E+15,0.287005592,0.000484091,0.000506252,-0.017014754,0.004378195,0.005063239
1.33199E+15,0.287030262,0.000200138,0.001691011,0.002272013,0.005210822,0.004125121
1.33199E+15,0.286966754,0.004930262,0.002903149,-0.004416858,0.003770234,0.037641925
1.33199E+15,0.268026918,0.003175896,0.00331354,-0.021371974,-0.004605619,0.016611711
1.33199E+15,0.285796367,0.002694816,0.002093971,0.011986374,-0.013494632,0.026731919
1.33199E+15,0.255144842,0.005092733,-0.001851714,-0.020003257,-0.012648761,0.035658552
1.33199E+15,0.274658876,0.000302962,-0.005619571,0.008070395,0.00046761,0.001197905
1.33199E+15,0.28229732,0.002272035,-0.005696054,-0.000625266,0.005522988,0.021525018
1.33199E+15,0.274130751,-0.00072651,-0.004084309,-0.013478833,-0.004067583,-0.011687481
1.33199E+15,0.21592597,-0.001179985,-0.004042052,0.016666218,-0.008832538,-0.00289176
1.33199E+15,0.273680132,0.002003928,-0.007600326,-0.018950495,-0.00905227,0.013057158
1.33199E+15,0.304903518,-0.003885791,-0.011247844,0.004434017,0.007078672,-0.023505358
1.33199E+15,0.285288787,0.000357372,-0.008488382,0.006845826,0.013992261,0.00850148
1.33199E+15,0.283365414,0.001231173,-0.004517194,-0.017622611,0.002497749,-0.003994828
1.33199E+15,0.273485487,-0.003194182,-0.003634669,0.023282408,-0.003708791,-0.011942865
1.33199E+15,0.233145468,0.001988108,-0.004009103,-0.016240113,-0.003030728,0.016198254
1.33199E+15,0.303898932,-0.003211368,-0.006178421,0.000887345,0.005300836,-0.025209834
1.33199E+15,0.320067621,-0.000417457,-0.004770177,0.018011318,0.009034275,0.011372531
1.33199E+15,0.300606861,0.001015856,-0.001822727,-0.026579344,-0.001458576,-0.007758165
1.33199E+15,0.278138385,-0.004022565,-0.002010947,0.031463283,-0.003234194,-0.018549034
1.33199E+15,0.315105604,0.004363265,-0.003435967,-0.018962406,-0.00197152,0.022723116
1.33199E+15,0.2852036,-0.004274708,-0.003703173,0.00372671,0.004727894,-0.030931366
1.33199E+15,0.285856213,0.001228884,-0.002323922,0.01196987,-0.00083139,0.019964636
1.33199E+15,0.282419974,0.000921171,-0.002629326,-0.03059046,-0.001218066,-0.006285956
1.33199E+15,0.284615716,-0.004470269,-0.00292977,0.035201188,-0.001123186,-0.016417155
1.33199E+15,0.281507967,0.003637014,-0.00333555,-0.028967695,-0.004615388,0.022204291
1.33199E+15,0.304657068,-0.004872335,-0.005089355,0.010761277,0.003779638,-0.036035597
1.33199E+15,0.276464542,0.001761726,-0.003576961,0.015598273,0.007024522,0.027800978
1.33199E+15,0.293114565,0.004954774,-0.001976631,-0.036801989,0.000600889,0.020913842
1.33199E+15,0.291018875,-0.002886032,-0.001842613,0.03888552,-0.005201812,0.000127716
1.33199E+15,0.270513952,0.008005616,-0.003360942,-0.031480828,-0.00786078,0.052934371
1.33199E+15,0.273031326,-0.00120963,-0.005737426,0.003747753,0.003476222,-0.010819319
1.33199E+15,0.275001898,0.004287571,-0.004839577,0.016485709,0.004938696,0.045077259
1.33199E+15,0.273439018,0.005028699,-0.003598883,-0.034098844,0.00226881,0.021320661
1.33199E+15,0.264360603,-0.001257584,-0.002911819,0.035923938,-0.003324378,0.001208322
1.33199E+15,0.274899752,0.004828412,-0.004024188,-0.020952719,-0.004627721,0.03278109
1.33199E+15,0.285998213,-0.00263393,-0.005600865,0.001455831,0.002910002,-0.024659363
1.33199E+15,0.294662128,0.000410789,-0.004912443,0.021585618,0.008400755,0.012724414
1.33199E+15,0.283324191,0.002380208,-0.002409681,-0.033366156,0.002535313,0.003420361
1.33199E+15,0.284161295,-0.004481017,-0.001707714,0.03329866,-0.004719673,-0.022111592
1.33199E+15,0.279459738,0.003772443,-0.003100178,-0.018887414,-0.006375182,0.027379788
1.33199E+15,0.292118142,-0.002910594,-0.005182291,-0.005790097,0.004739296,-0.026420459
1.33199E+15,0.290547715,-0.001553582,-0.003759542,0.024508235,0.006398586,0.000630826
1.33199E+15,0.287025275,0.003293532,-0.001949835,-0.033314427,-0.00475378,0.010821856
1.33199E+15,0.284097134,-0.00459472,-0.0033222,0.028224652,-0.005125111,-0.026082849
1.33199E+15,0.291698082,0.003131647,-0.004993492,-0.011481922,0.000650266,0.023710407
1.33199E+15,0.266798195,-0.001202926,-0.004448085,-0.013072042,0.008786407,-0.014318565
1.33199E+15,0.305492938,-0.003784995,-0.002419869,0.029890737,0.013114435,-0.013452776
1.33199E+15,0.28698101,0.004150149,0.00139074,-0.030888116,-0.001973231,0.019119861
1.33199E+15,0.27650092,-0.004240076,0.000733959,0.016958805,-0.008803075,-0.029655818
1.33199E+15,0.26671963,0.001200476,-0.001675264,0.005543922,-0.005102826,0.015194129
1.33199E+15,0.293305901,0.000206084,-0.003373096,-0.025922282,0.00340067,-0.007425497
1.33199E+15,0.294087915,-0.003875856,-0.002387041,0.030570439,0.006727433,-0.01402887
1.33199E+15,0.274419908,0.003090374,-0.00044921,-0.026147064,-0.005755871,0.014994348
1.33199E+15,0.271285524,-0.004018417,-0.002049674,0.018769106,-0.008660578,-0.027894808
1.33199E+15,0.282812692,0.001764513,-0.00463138,0.003491872,-0.003105128,0.018477776
1.33199E+15,0.297336428,0.000490594,-0.005847596,-0.020720317,0.004064933,-0.004533151
1.33199E+15,0.282632644,-0.000794488,-0.004384436,0.026025367,0.012168835,0.000849218
1.33199E+15,0.308204604,0.004682609,-0.001126509,-0.020557999,0.004615981,0.028204076
1.33199E+15,0.283837329,-0.000519213,0.000192993,0.002518766,-0.000573427,-0.004720036
1.33199E+15,0.293413011,0.002047669,2.44E-05,0.007630203,-0.006059711,0.01758269
1.33199E+15,0.267638429,0.004348894,-0.001656208,-0.028601157,-0.005449264,0.024234765
1.33199E+15,0.295248915,0.001156433,-0.003443042,0.01399923,0.003486852,0.01187835
1.33199E+15,0.305499083,0.006086989,-0.002430474,-0.010576294,0.006193382,0.046028895
1.33199E+15,0.306284178,0.002640446,-0.000468278,-0.010225193,0.001964164,0.013642507
1.33199E+15,0.289414697,0.00307473,0.000224497,0.022700072,-0.003301928,0.031588226
1.33199E+15,0.282022383,0.006139911,-0.000551244,-0.033491695,0.002760228,0.03752441
1.33199E+15,0.282121026,-0.000762417,0.000210262,0.022883637,0.001856946,-0.01106579
1.33199E+15,0.277183773,-0.002023024,0.000610637,0.006577838,0.000658425,-0.010986867
1.33199E+15,0.271782091,-0.002967723,0.000746071,-0.019992963,-0.004184565,-0.027704009
1.33199E+15,0.273553132,-0.003773621,-0.000522607,0.037829124,0.00010744,-0.01899443
1.33199E+15,0.277022847,0.002407528,-0.000561961,-0.023628445,0.000767044,0.015510341
1.33199E+15,0.284301914,-0.002945966,-0.000417571,0.003840872,0.009207023,-0.024235703
1.33199E+15,0.297671021,-0.000217364,0.002252036,0.015570106,0.005460608,0.008162429
1.33199E+15,0.289171612,0.001779855,0.003775118,-0.035419947,-0.006889932,0.000214982
1.33199E+15,0.272450836,-0.003822204,0.001584718,0.033039649,-0.009223946,-0.022482798
1.33199E+15,0.267253741,0.002221125,-0.000984163,-0.021331532,-0.008071703,0.016983237
1.33199E+15,0.284355003,-0.002952836,-0.003403477,-0.001994646,0.001963922,-0.027311984
1.33199E+15,0.285335726,-0.000111556,-0.002935978,0.02174938,0.00644526,0.013291932
1.33199E+15,0.288210099,0.00330738,-0.001045763,-0.035849264,0.00181447,0.015097772
1.33199E+15,0.283714604,-0.002176714,-0.000589587,0.031752167,-0.005179,-0.00920758
1.33199E+15,0.286951633,0.004091813,-0.002095925,-0.01011773,-0.005376563,0.032966806
1.33199E+15,0.294379157,0.000832287,-0.003719369,-0.008005422,0.004467659,0.000677966
1.33199E+15,0.318827249,0.001310278,-0.002587461,0.027765811,0.00851262,0.02024327
1.33199E+15,0.285977205,0.004023474,0.000167083,-0.023232174,0.003392746,0.022376884
1.33199E+15,0.299197984,-0.000783049,0.001152979,0.026460207,-0.003433386,-0.001785886
1.33199E+15,0.275675113,0.004008811,7.79E-05,-0.001894878,-0.005129404,0.033162824
1.33199E+15,0.276462053,0.001542014,-0.0014144,-0.012485607,0.004835754,0.003424709
1.33199E+15,0.210361528,2.49E-05,-5.51E-05,0.028999874,0.006206576,0.007006429
1.33199E+15,0.273111611,0.006436188,0.001460264,-0.028579469,0.00702758,0.040812726
1.33199E+15,0.264902422,-4.51E-05,0.003155213,0.001306406,-0.000978638,-0.004016417
1.33199E+15,0.270535714,0.001855946,0.002956598,0.017500076,-0.009603718,0.021452588
1.33199E+15,0.273981551,0.004275476,0.000293813,-0.038388998,-0.00839569,0.020893672
1.33199E+15,0.27168139,-0.001969232,-0.002059899,0.031159636,-0.000396812,-0.008814418
1.33199E+15,0.295245804,0.006539666,-0.002428714,-0.017608268,0.008162185,0.04698363
1.33199E+15,0.290462862,0.000143479,-8.32E-05,-0.015154895,0.009878714,-0.006239882
1.33199E+15,0.294395927,-1.48E-05,0.002807715,0.034214342,0.002278294,0.012040256
1.33199E+15,0.287269934,0.00464456,0.003423575,-0.039431714,-0.007187398,0.023609327
1.33199E+15,0.288528535,-0.005815778,0.001176231,0.029467009,-0.003001496,-0.044856033
1.33199E+15,0.284653187,-0.00082599,0.000107547,0.00253623,-0.000862589,-0.003803819
1.33199E+15,0.287835677,-0.005148964,-0.000119391,-0.022739439,-0.005064917,-0.047196652
1.33199E+15,0.301775525,-0.009822729,-0.001809088,0.044997297,0.000420035,-0.050785498
1.33199E+15,0.287023079,0.00037713,-0.001706771,-0.038460098,-0.00110801,-0.001425839
1.33199E+15,0.259884533,-0.003674634,-0.001859229,0.009386651,0.00401509,-0.03363654
1.33199E+15,0.283708335,-0.000626388,-0.000958993,0.022410029,0.00380772,0.00564361
1.33199E+15,0.30399269,0.001884894,0.000100002,-0.038932204,0.000735346,-0.000111706
1.33199E+15,0.280154756,-0.004829859,0.000240258,0.043865556,0.00420862,-0.025003797
1.33199E+15,0.266665083,0.003071209,0.001235991,-0.025611977,-0.001493282,0.022332198
1.33199E+15,0.269405238,-0.002599261,0.000771893,-0.004450323,-0.005167273,-0.029399363
1.33199E+15,0.276986337,-4.88E-05,-0.000645913,0.031552074,-0.003011957,0.013212553
1.33199E+15,0.24931337,0.001824816,-0.001361973,-0.046345259,-0.000252267,0.00420914
1.33199E+15,0.294558184,-0.005026427,-0.001758916,0.039692828,0.004184991,-0.030643166
1.33199E+15,0.299012556,0.003368494,-0.000680645,-0.011622995,-0.002112978,0.026716911
1.33199E+15,0.287742738,-0.00186376,-0.001334653,-0.014190833,-0.002916586,-0.026194189
1.33199E+15,0.303135779,-0.000920752,-0.002247201,0.040129125,0.000451294,0.006977684
1.33199E+15,0.288631412,0.003668294,-0.002118129,-0.049396049,0.001613503,0.013230315
1.33199E+15,0.290574326,-0.006434536,-0.0017718,0.041831576,0.005396808,-0.036236388
1.33199E+15,0.279194579,0.003435563,-0.000348246,-0.017397094,-0.000144793,0.029013927
1.33199E+15,0.298605935,-0.002004296,-0.000529212,-0.018188477,-0.003342892,-0.024468112
1.33199E+15,0.258854653,-0.00236099,-0.001303041,0.041008965,-5.82E-05,-0.000664627
1.33199E+15,0.305495986,0.00415423,-0.00166482,-0.053238596,0.002355422,0.015493339
1.33199E+15,0.287299614,-0.005663069,-0.001027043,0.037072164,0.00309133,-0.036944103
1.33199E+15,0.29034557,0.003121919,-0.000295205,-0.011255649,-0.00250286,0.026432274
1.33199E+15,0.285834633,-0.00181732,-0.001067005,-0.019609107,-0.005823786,-0.024775228
1.33199E+15,0.259503549,-0.001515421,-0.002474888,0.042349535,0.000973445,0.006684144
1.33199E+15,0.295765454,0.00534638,-0.002623376,-0.050994985,0.005328561,0.025248601
1.33199E+15,0.287511181,-0.003937466,-0.001167572,0.04286014,0.003944182,-0.025875626
1.33199E+15,0.284352266,0.003590744,-0.000184356,-0.009782115,-0.000924626,0.03061347
1.33199E+15,0.295240603,-0.000457986,-0.000559907,-0.028484917,0.019532258,-0.01432294
1.33199E+15,0.295489943,-0.004809633,0.005139028,0.049910402,0.031392589,-0.012385415
1.33199E+15,0.277676457,0.003678331,0.013469605,-0.055793227,0.010365812,0.01880869
1.33199E+15,0.263184294,-0.003165431,0.015375741,0.022540716,-0.008007223,-0.024034011
1.33199E+15,0.196829164,-0.000612994,0.009851645,0.015545405,-0.013658979,0.002365576
1.33199E+15,0.244991676,0.00108174,0.008901422,-0.044071137,-0.01729365,-0.001308178
1.33199E+15,0.213930225,-0.002742137,0.003998418,0.038491388,-0.004540671,-0.019339489
1.33199E+15,0.222135718,0.002179674,0.003080915,-0.025339896,-0.001394647,0.018455951
1.33199E+15,0.21143929,-0.000821508,0.002608829,-0.001476855,-0.008986362,-0.014778968
1.33199E+15,0.204476289,-0.00040967,0.000633643,0.015356351,-0.012596168,0.001281916
1.33199E+15,0.199821545,0.000239976,-0.001881813,-0.026435964,-0.015769608,-0.00522629
1.33199E+15,0.200308147,-0.001626284,-0.005105526,0.02085274,-0.003913978,-0.014487751
1.33199E+15,0.200452735,0.001189147,-0.005918108,-0.012304944,-0.00039623,0.010605654
1.33199E+15,0.224390974,-0.001671049,-0.006742926,-0.005118385,-0.000852203,-0.017727627
1.33199E+15,0.236149733,0.0008483,-0.007330171,0.000748139,0.001966626,0.010152771
1.33199E+15,0.23167766,-0.000512827,-0.006706005,-0.016338201,-0.001385883,-0.015821271
1.33199E+15,0.244194804,-0.002598611,-0.007614544,0.032236953,0.001589293,-0.01824882
1.33199E+15,0.256987251,0.001787562,-0.007662016,-0.002191316,0.009910505,0.012059296
1.33199E+15,0.27308386,-0.001399124,-0.005436979,0.00700013,0.009560207,-0.011877618
1.33199E+15,0.260159557,0.000155605,-0.002713085,0.009047955,0.010077095,0.006059821
1.33199E+15,0.268763354,0.000867696,-8.83E-05,-0.012047623,0.007799779,0.001501963
1.33199E+15,0.266028917,-0.00187243,0.001970594,0.0189523,0.007010745,-0.010462173
1.33199E+15,0.258341342,0.000936946,0.00370821,-0.011294199,-0.005459587,0.006623579
1.33199E+15,0.239340807,-1.14E-05,0.00212058,-0.001486354,-0.017370523,0.000125094
1.33199E+15,0.258430596,0.001891397,-0.002198924,0.006226141,-0.011233815,0.015439043
1.33199E+15,0.27314383,0.003688192,-0.005392272,-0.004529632,0.005552456,0.025258526
1.33199E+15,0.267429109,0.002511403,-0.003799854,0.00216391,0.010808135,0.020775522
1.33199E+15,0.265206666,0.002406268,-0.000901903,-0.003421779,0.003188607,0.017281194
1.33199E+15,0.257696993,0.002265066,-4.88E-05,0.002176001,-0.007539423,0.019507407
1.33199E+15,0.264484163,0.002591264,-0.002028371,-0.003875686,-0.004594851,0.018215534
1.33199E+15,0.273422711,0.001649111,-0.003340822,0.005462271,0.005965109,0.01466347
1.33199E+15,0.278407847,0.00222242,-0.001730118,-0.009429731,0.008066166,0.010497668
1.33199E+15,0.273437947,-0.002341241,0.000484905,0.005845558,0.001137926,-0.022606269
1.33199E+15,0.227837653,-0.001174851,0.000627829,0.004680526,-0.000227324,-0.00915978
1.33199E+15,0.293549968,-0.002276687,0.000746226,-0.019647502,-0.00473411,-0.023438091
1.33199E+15,0.296501196,-0.008449119,-0.000799885,0.027135458,0.006287776,-0.054409532
1.33199E+15,0.282495954,-0.002897958,0.00090735,-0.004360248,0.005612391,-0.024026207
1.33199E+15,0.316532861,-0.007618115,0.002866389,-0.010191473,0.006335465,-0.062385236
1.33199E+15,0.287763698,-0.007829254,0.004417461,0.028449457,0.007536069,-0.050141255
1.33199E+15,0.274220151,-0.004568589,0.006331184,-0.021217011,-0.005414429,-0.034739254
1.33199E+15,0.242211491,-0.002517681,0.004369851,0.021053492,-0.006450095,-0.011990903
1.33199E+15,0.302535283,0.00765083,0.003352482,-0.016583412,-0.002075234,0.059664803
1.33199E+15,0.268705447,0.004967372,0.002207968,-0.012330466,0.006687788,0.031781282
1.33199E+15,0.273100415,0.005016818,0.004092896,0.021499929,-0.00027324,0.037664707
1.33199E+15,0.276721831,0.008040338,0.003994524,-0.040203879,-0.015644943,0.042530067
1.33199E+15,0.25540718,-0.001052154,-0.000383528,0.027195279,-0.011854955,-0.006006417
1.33199E+15,0.264211867,0.003592437,-0.003547539,-0.010080364,0.000288755,0.031117701
1.33199E+15,0.291612651,-0.00251306,-0.003863099,-0.005583235,0.008000012,-0.022417797
1.33199E+15,0.30758237,-0.000219534,-0.001651706,0.020523913,0.051912331,0.009966519
1.33199E+15,0.315889926,0.001141344,0.014749449,-0.039084132,0.023967925,0.000372702
1.33199E+15,0.279126867,-0.00354599,0.019646503,0.047088421,-0.028704543,-0.022055675
1.33199E+15,0.235391895,0.002042104,0.009683282,-0.016246074,-0.036412399,0.019913371
1.33199E+15,0.242774682,-0.000723482,0.001101909,-0.013237681,-0.011132914,-0.01148351
1.33199E+15,0.263887953,-0.002310053,-0.001779725,0.030532983,0.012741674,-0.011194669
1.33199E+15,0.277389154,0.002338818,0.001615499,-0.032729547,0.015505727,0.012630676
1.33199E+15,0.271061916,-0.003558823,0.005701601,0.011672912,0.000461585,-0.0340307
1.33199E+15,0.251993538,-0.000333697,0.005316964,0.035098822,-0.010976127,0.004367988
1.33199E+15,0.250644762,0.006529902,0.002362794,-0.053263564,-0.007162651,0.040924678
1.33199E+15,0.262905191,0.000492269,0.000492981,0.036418997,0.002090384,0.007652316
1.33199E+15,0.295523802,0.008718105,0.001110011,-0.008650387,0.010397379,0.071737783
1.33199E+15,0.309492538,0.006125257,0.004196636,-0.033345537,0.014880586,0.030992774
1.33199E+15,0.287352743,0.003243007,0.008248596,0.036669846,-0.000394864,0.036567251
1.33199E+15,0.294604174,0.009940476,0.008472772,-0.048014108,-0.002292222,0.057569606
1.33199E+15,0.298132235,0.001148176,0.007868232,0.024614281,0.002664606,0.006473084
1.33199E+15,0.291826654,0.001368618,0.008522482,0.005087962,0.005038906,0.01184419
1.33199E+15,0.289044829,0.001926094,0.009947042,-0.027697246,0.00210873,0.001896807
1.33199E+15,0.298648176,-0.002514207,0.010811677,0.046174328,-0.005912821,-0.005501772
1.33199E+15,0.279580606,0.00237545,0.008466551,-0.03581129,-0.001824426,0.015152717
1.33199E+15,0.283526964,-0.00236678,0.007990202,0.011576424,0.005600472,-0.022330862
1.33199E+15,0.277360628,-0.001005358,0.009255757,0.02369774,0.002402897,0.001109611
1.33199E+15,0.27530561,0.001336068,0.009854422,-0.044135311,-0.008345819,0.002215392
1.33199E+15,0.231245645,-0.003111297,0.006251621,0.035835638,-0.00402798,-0.02190369
1.33199E+15,0.318150419,0.002235484,0.007217268,-0.001709313,0.005930495,0.016561767
1.33199E+15,0.292111439,0.002503468,0.008440932,-0.023211722,0.009440783,0.005545606
1.33199E+15,0.31829837,-0.001983088,0.012188517,0.048102205,0.057720996,-0.005162075
1.33199E+15,0.345773041,0.002116448,0.03325116,-0.031725884,0.106166928,0.006075044
1.33199E+15,0.306261554,0.002346221,0.062707175,0.01213009,0.081384756,0.015942695
1.33199E+15,0.196741865,-0.002191971,0.057277728,0.011331375,0.007003312,-0.029507633
1.33199E+15,0.080571841,0.000754901,0.024065798,-0.024076559,-0.058832719,0.016216001
1.33199E+15,0.011270863,-4.83E-05,0.002653787,0.019419796,-0.066426846,-0.013040508
1.33199E+15,-0.017375036,4.98E-06,-0.002888452,-0.008940724,-0.050340534,-0.000673059
1.33199E+15,-0.035760706,-5.42E-05,-0.004109089,0.001796304,-0.035797452,0.000854
1.33199E+15,-0.048191322,0.000105426,-0.003796491,0.004012357,-0.031217517,-0.003542237
1.33199E+15,-0.062276325,-7.18E-05,-0.002953385,-0.003663171,-0.03365589,0.002119977
1.33199E+15,-0.066359986,-1.38E-06,-0.00091195,0.006270395,-0.028541892,-0.00079049
1.33199E+15,-0.054049944,2.83E-05,0.000799813,-0.001999409,-0.014946939,-0.000831598
1.33199E+15,-0.046245547,1.65E-05,0.001375432,0.002039129,-0.011486137,-0.000583039
1.33199E+15,-0.036758588,1.87E-05,0.00151582,0.00166558,-0.010724183,0.000250153
1.33199E+15,-0.019020514,7.39E-06,0.000989202,-0.000585101,-0.004540587,-0.00130223
1.33199E+15,0.001456357,6.64E-07,-8.28E-05,0.00115909,0.004480634,0.001128868
1.33199E+15,0.022240883,-5.34E-06,-0.001157819,-0.000941349,0.01153188,0.002915443
1.33199E+15,0.033579632,-2.61E-05,-0.001360618,-3.51E-05,0.016639204,-8.02E-05
1.33199E+15,0.038789067,2.18E-05,-0.000925739,-0.001312069,0.014920671,0.001058042
1.33199E+15,0.041863887,5.59E-05,-0.000374047,-0.001074444,0.015250083,0.002616048
1.33199E+15,0.044650663,2.20E-05,0.00028138,-0.000515239,0.010699627,0.000689696
1.33199E+15,0.035852963,6.70E-06,0.000609311,-0.000713941,0.005215655,-4.94E-05
1.33199E+15,0.037667164,1.74E-05,0.000837303,-0.00073395,0.012602463,5.59E-05
1.33199E+15,0.026548867,-4.36E-06,0.000923974,-9.90E-05,0.004049585,-0.000540576
1.33199E+15,0.015312847,1.11E-05,0.000595478,-0.000618014,-0.003627922,-3.24E-06
1.33199E+15,0.005783393,-6.61E-06,0.000203863,0.000717959,-0.005453943,-0.002075682
1.33199E+15,0.000873712,-9.39E-08,2.65E-05,-0.000201187,-0.001070191,4.98E-05
1.33199E+15,0.000103259,-3.26E-06,3.72E-06,0.000502594,0.004355955,1.31E-05
1.33199E+15,-0.00260945,6.69E-08,-8.57E-05,-0.000123346,0.003981389,-0.000533551
1.33199E+15,-0.01363487,-1.56E-05,-0.000504421,2.05E-05,-0.008958046,0.00236464
1.33199E+15,-0.017161971,8.89E-06,-0.000481343,0.000312478,-0.009013557,-0.002195443
1.33199E+15,-0.022304041,-2.50E-05,-0.000424669,-0.00021535,-0.005404973,-0.000829387
1.33199E+15,-0.005150319,4.75E-06,-6.94E-05,0.000904438,0.004453857,-0.000575305
1.33199E+15,-0.024813889,4.27E-06,-0.000448916,0.000211281,-0.023939419,0.000714492
1.33199E+15,-0.06956645,-0.000521135,0.000414257,-0.001216069,-0.102178025,0.024818456
1.33199E+15,-0.044545391,-0.000430899,0.004842578,0.001658869,-0.094386041,0.034087223
1.33199E+15,0.044760838,0.000870444,-0.009204563,0.005039727,-0.018232439,0.035526741
1.33199E+15,0.133106725,0.003210862,-0.02989877,0.002597679,0.023453968,0.036459901
1.33199E+15,0.186857038,0.004095656,-0.037344352,0.009536738,0.029238042,0.045124334
1.33199E+15,0.207128426,0.003840109,-0.035044678,0.003514228,-0.001542171,0.036098648
1.33199E+15,0.242990459,0.003676646,-0.041416749,0.001971356,0.009076828,0.021433043
1.33199E+15,0.320191726,0.003306602,-0.051530643,0.004666179,0.049946044,0.017568317
1.33199E+15,0.362932477,0.007111083,-0.039853857,-0.003522609,0.06146168,0.031042577
1.33199E+15,0.409061956,0.00331221,-0.019515441,0.013816213,0.07297535,0.012837953
1.33199E+15,0.416257727,0.008065371,0.010570323,0.01150036,0.060441294,0.0478155
1.33199E+15,0.43214575,0.012364334,0.037045082,-0.016868545,0.071713978,0.048077511
1.33199E+15,0.397665979,0.006463956,0.062921587,0.002050375,0.028627611,0.031336836
1.33199E+15,0.329717769,0.004904947,0.061839847,-0.019543997,-0.020028239,0.032478196
1.33199E+15,0.253591885,0.003531926,0.042291115,-0.000301502,-0.029462184,0.028229686
1.33199E+15,0.28259059,0.004701601,0.038621044,-0.011187183,-0.017094305,0.036964966
1.33199E+15,0.276970685,0.004525935,0.03306929,-0.013728309,0.000235371,0.029993325
1.33199E+15,0.252254001,0.003830176,0.030270248,0.008537855,-0.004370702,0.031703185
1.33199E+15,0.231235745,0.002465206,0.026792761,-0.018566836,-0.017371433,0.025275705
1.33199E+15,0.214649202,0.002125784,0.021163129,-0.010677157,-0.031875239,0.022733005
1.33199E+15,0.205223739,0.000906044,0.013731131,0.013260589,-0.028678499,0.01661114
1.33199E+15,0.20494134,0.002048423,0.007924182,-0.021459372,-0.011092988,0.021654675
1.33199E+15,0.230194472,0.001153709,0.006430942,0.013232793,-0.003489499,0.009226368
1.33199E+15,0.243860537,0.000583009,0.006008629,0.006629217,0.002246273,0.010686159
1.33199E+15,0.263655657,0.00193321,0.007169962,-0.032812862,0.00131729,0.012582753
1.33199E+15,0.283410221,-0.001445029,0.008042414,0.01925553,0.000592728,-0.010356346
1.33199E+15,0.286627415,-0.001165278,0.008190166,0.013413787,0.007130835,0.000523441
1.33199E+15,0.288881158,0.003807964,0.010418391,-0.015368439,0.008183541,0.027001356
1.33199E+15,0.324996656,0.002313452,0.0145296,0.008106177,0.010957694,0.013714643
1.33199E+15,0.310072156,0.002751603,0.01738427,0.014999354,0.008774794,0.024977078
1.33199E+15,0.328546443,0.004671909,0.021448664,-0.030088753,0.008864762,0.029109434
1.33199E+15,0.306068596,0.002831074,0.022834815,0.008978397,0.00363742,0.024532145
1.33199E+15,0.319952639,0.00252674,0.025252255,-0.005038508,0.009940217,0.026309013
1.33199E+15,0.318081114,0.004632183,0.028539998,-0.002983931,0.011331276,0.038055822
1.33199E+15,0.317408997,0.004585923,0.032406453,-0.011482196,0.004085455,0.037576276
1.33199E+15,0.317040056,0.003963891,0.033986705,0.001816336,-0.007271785,0.03242124
1.33199E+15,0.2727559,0.003522387,0.027498815,-0.009426005,-0.007105618,0.025857362
1.33199E+15,0.300669883,0.006365572,0.028484171,-0.007407787,-0.0053623,0.042245574
1.33199E+15,0.277404367,0.002966723,0.025079509,0.016243162,-0.006783433,0.032099066
1.33199E+15,0.269430186,0.005049466,0.022810052,-0.031410188,-0.00541722,0.040069935
1.33199E+15,0.260096629,0.004077965,0.020900802,0.004141252,-0.00606811,0.037677163
1.33199E+15,0.256115858,0.002903063,0.019381003,-0.005470684,-0.006435014,0.032617913
1.33199E+15,0.253125271,0.00495526,0.017936682,-0.034235365,-0.003836494,0.041909566
1.33199E+15,0.255846591,0.002370232,0.017581735,0.022254726,-0.007173343,0.02883578
1.33199E+15,0.266175871,0.003601408,0.016909194,-0.010616207,-0.007125223,0.038543788
1.33199E+15,0.191006292,0.001486013,0.011089249,-0.011264176,-0.006140688,0.0243687
1.33199E+15,0.288926443,0.002523344,0.015443019,0.012660158,-0.008723957,0.013325199
1.33199E+15,0.274753325,-0.005477915,0.012059299,-0.00108674,0.018689427,-0.043961942
1.33199E+15,0.346389291,-0.012423418,0.020514399,0.025973689,0.091444918,-0.065695293
1.33199E+15,0.338452701,-0.013340269,0.050178379,0.038141731,0.127264638,-0.068046879
1.33199E+15,0.25317362,-0.009904134,0.070747566,0.016970077,0.070119985,-0.067074965
1.33199E+15,0.134060622,-0.003353016,0.047638589,0.034779843,-0.031459968,-0.054293874
1.33199E+15,0.028647672,-0.000368599,0.00915033,0.017001046,-0.092959652,-0.025388349
1.33199E+15,-0.007121043,-2.76E-05,-0.001561973,-0.00974379,-0.088901761,-0.000896723
1.33199E+15,-0.017651211,9.52E-05,-0.002257474,0.008177941,-0.057881297,-0.009491364
1.33199E+15,0.003767852,-2.21E-05,0.000261874,-0.002540988,-0.024179162,-0.0089979
1.33199E+15,-0.00839872,-7.62E-06,-0.000380004,0.001118592,-0.060913033,0.001083762
1.33199E+15,-0.038354524,-0.000182832,0.000604332,-0.002582203,-0.095731064,0.010412457
1.33199E+15,-0.010865754,-4.38E-05,0.001217107,-0.001985261,-0.063073144,0.011308578
1.33199E+15,0.076991396,0.000679914,-0.0135899,0.001394256,-0.012512742,0.018669296
1.33199E+15,0.139889712,0.001399109,-0.026485086,-0.000825304,0.009283486,0.016807829
1.33199E+15,0.195402017,0.003161545,-0.035092675,0.005767185,0.020966748,0.031508124
1.33199E+15,0.260672588,0.003656075,-0.041141514,-0.00456366,0.030795984,0.020895182
1.33199E+15,0.321940553,0.002867008,-0.040645312,0.009037034,0.047342173,0.015529224
1.33199E+15,0.398183183,0.004541239,-0.031189921,0.0021398,0.067872661,0.02049993
1.33199E+15,0.426404858,0.001055606,-0.004362977,0.004086213,0.094820791,0.005156154
1.33199E+15,0.418347466,0.001930866,0.035488772,0.003296456,0.05580589,0.011838955
1.33199E+15,0.347428907,0.004068765,0.049094152,-0.021248428,0.00170339,0.019533924
1.33199E+15,0.321570057,0.004878549,0.046052948,0.009149107,-0.024049701,0.033272396
1.33199E+15,0.302971183,0.006650753,0.036035688,-0.024095822,0.000906637,0.045844519
1.33199E+15,0.30910651,0.005788118,0.037121641,-0.007399854,0.0199239,0.039509411
1.33199E+15,0.290784248,0.003104444,0.040969156,0.00979298,0.003525079,0.027774872
1.33199E+15,0.241435622,0.003813733,0.03498409,-0.029342001,-0.017489694,0.040570436
1.33199E+15,0.209242665,0.001424745,0.026660367,0.011679827,-0.038001946,0.009940415
1.33199E+15,0.197101771,-0.003022359,0.017494574,-0.003260757,-0.038952949,-0.027561137
1.33199E+15,0.211717621,-0.004045903,0.010356487,0.000834823,-0.012462819,-0.046397054
1.33199E+15,0.217542652,-0.006176864,0.007618153,0.027720655,0.012622658,-0.058298125
1.33199E+15,0.217942135,-0.004198366,0.010211279,-0.013177669,0.008461588,-0.042887291
1.33199E+15,0.205127401,-0.005636596,0.01126282,0.021202184,-0.019458141,-0.055889799
1.33199E+15,0.190701246,-0.001780514,0.006663834,0.012554381,-0.031345869,0.004135698
1.33199E+15,0.219831386,0.006349208,0.000696984,-0.032913871,0.009990664,0.054218291
1.33199E+15,0.249109141,0.007465695,0.003295183,0.003142449,0.040272441,0.062992723
1.33199E+15,0.243032355,0.007117738,0.013220506,-0.007520139,0.022706657,0.062853646
1.33199E+15,0.200386896,0.003833749,0.015596035,-0.005085669,-0.034861395,0.030720436
1.33199E+15,0.169822741,-0.000735945,0.007288249,0.002234694,-0.063052775,-0.012193879
1.33199E+15,0.188179403,-0.001777762,-0.003855847,-0.006027557,-0.043380601,-0.023691265
1.33199E+15,0.249398125,-0.004377509,-0.01610852,0.011471892,0.010066531,-0.036702567
1.33199E+15,0.284086695,0.000400174,-0.015587019,0.000449901,0.033482609,0.008299285
1.33199E+15,0.300068027,0.001804271,-0.00636761,-0.011324632,0.02724249,0.011326725
1.33199E+15,0.281134033,0.001788589,0.001737235,0.00908944,0.000765416,0.019009961
1.33199E+15,0.285862054,0.004228469,0.002109617,-0.019142884,-0.004243261,0.026606632
1.33199E+15,0.3049767,0.001512383,0.001047346,0.009366588,0.01756236,0.013022638
1.33199E+15,0.326068892,0.002002559,0.006967448,-0.002058906,0.028018463,0.009070085
1.33199E+15,0.325464291,-0.002415547,0.016042865,-0.003874504,0.027365941,-0.014125553
1.33199E+15,0.310501373,-0.002643282,0.023709523,0.022055038,0.008252905,-0.007858018
1.33199E+15,0.287388589,-1.99E-05,0.024326047,-0.025365885,-0.004165192,0.001336832
1.33199E+15,0.278262104,-0.001616746,0.022348887,0.01346319,-0.00678427,-0.008977678
1.33199E+15,0.273279225,-0.002004579,0.020010862,0.006986592,0.004297952,-0.008794852
1.33199E+15,0.27519463,-0.000153607,0.021327469,-0.008262976,-0.003757932,-0.000877971
1.33199E+15,0.263552308,-0.0003605,0.019418352,0.005550012,-0.005783537,-0.001957882
1.33199E+15,0.264925112,-0.001335538,0.01795437,-0.000559072,-0.012258593,-0.006953119
1.33199E+15,0.268654209,-0.00070118,0.014881317,0.006521449,-0.008079482,-0.003820702
1.33199E+15,0.270489675,-0.000295521,0.01278244,-0.009108716,-0.003454272,-0.001415939
1.33199E+15,0.212025547,-0.000384633,0.009278987,9.17E-05,-0.003007039,-0.00317037
1.33199E+15,0.277464511,-0.001129178,0.011277319,0.006448529,-0.003848769,-0.002357701
1.33199E+15,0.273878064,0.00206344,0.010110825,-0.005087971,-0.010707004,0.015171939
1.33199E+15,0.260310471,0.001853277,0.006878424,-0.00182165,-0.006321083,0.015962714
1.33199E+15,0.269112406,0.001672262,0.005480494,0.004253676,-0.000590818,0.014766653
1.33199E+15,0.2832437,0.003014759,0.005687125,-0.005638298,0.004177136,0.021055971
1.33199E+15,0.294094587,0.002315148,0.007223311,-0.000111786,0.006058584,0.017246157
1.33199E+15,0.285178472,0.001910521,0.008821217,-3.57E-05,-0.002185879,0.010906306
1.33199E+15,0.269238913,-0.002134543,0.007722067,-0.003340948,-0.001592208,-0.023656138
1.33199E+15,0.273619758,-0.003472265,0.007248657,0.010823031,0.004243781,-0.026104459
1.33199E+15,0.355173392,-0.002498329,0.010772132,-0.005017779,0.012467723,-0.011774024
1.33199E+15,0.308931814,-0.001705506,0.01317626,0.002406973,0.007674089,-0.009935241
1.33199E+15,0.279419536,-0.001033494,0.014026772,0.009378884,-0.002227199,-0.00463695
1.33199E+15,0.299496143,0.000379016,0.014359661,-0.013302823,-0.009847492,0.003166364
1.33199E+15,0.291292902,-0.000463602,0.011089529,0.015976967,0.001343126,-0.00042166
1.33199E+15,0.296317657,0.001299164,0.011689634,-0.009077658,0.009176187,0.010731457
1.33199E+15,0.292883178,0.000636922,0.014261585,0.001043201,0.004554695,0.003246406
1.33199E+15,0.275071407,-0.000735462,0.014645737,0.022115868,-0.005373516,-0.001685735
1.33199E+15,0.269765929,0.002021516,0.012891435,-0.044694382,-0.008513562,0.010985418
1.33199E+15,0.263610819,-0.002008031,0.01027652,0.026155427,-0.005128433,-0.014135757
1.33199E+15,0.27416525,-0.000713113,0.00920719,-0.000324652,-0.000768644,-0.000333647
1.33199E+15,0.265515062,-0.000406201,0.008713675,-0.014652623,-0.004231165,-0.007641901
1.33199E+15,0.259327755,-0.001553147,0.007364081,0.030097776,-0.00783407,-0.008056183
1.33199E+15,0.268070799,-7.95E-05,0.005497229,-0.029530834,-0.004484494,-0.003870355
1.33199E+15,0.272249423,-0.003250561,0.004294602,0.025881322,0.004063094,-0.021932676
1.33199E+15,0.28387557,-0.000189094,0.00556402,-0.000938232,0.004584703,0.000483278
1.33199E+15,0.286166199,-0.002380392,0.006923828,-0.020353504,-0.001092582,-0.029038989
1.33199E+15,0.282170804,-0.006428709,0.006399615,0.045446212,0.009274399,-0.035442326
1.33199E+15,0.294505516,0.001177303,0.009310406,-0.039480769,0.001920997,0.006623245
1.33199E+15,0.299813457,-0.003755642,0.009978433,0.024249459,-0.004174352,-0.028259437
1.33199E+15,0.281204426,-2.50E-05,0.008116127,0.008712957,-0.001806921,0.006518003
1.33199E+15,0.282817563,0.00092549,0.007617756,-0.034733593,0.001430956,-0.002432952
1.33199E+15,0.28997866,-0.002747678,0.008209371,0.045387978,0.000168432,-0.013193929
1.33199E+15,0.278768673,0.001682437,0.007876678,-0.035099429,-0.001074877,0.013713247
1.33199E+15,0.28618148,0.000822737,0.007717145,0.008428365,0.00326349,0.005558791
1.33199E+15,0.284320429,0.003049389,0.008593304,0.012201514,0.003339557,0.026450295
1.33199E+15,0.279313827,0.005496412,0.009281497,-0.032774948,0.002844796,0.035144203
1.33199E+15,0.294736673,0.002745993,0.01060305,0.024823542,-0.004900616,0.02312816
1.33199E+15,0.286778768,0.005973569,0.008916531,-0.028739506,0.001684751,0.042845312
1.33199E+15,0.295351572,0.003110298,0.00967126,-0.00067487,0.00497223,0.014666001
1.33199E+15,0.293566683,0.002952846,0.011151579,0.019369401,-0.007783646,0.030304071
1.33199E+15,0.29209613,0.002738332,0.008917648,-0.036996162,-0.003314828,0.0083204
1.33199E+15,0.285083688,-0.003865135,0.007628336,0.048356936,0.003523163,-0.026598003
1.33199E+15,0.299056138,-0.002196214,0.008940543,-0.023339102,0.006887064,-0.014361498
1.33199E+15,0.30240359,-0.00596759,0.011085501,0.001303209,0.008402675,-0.049568941
1.33199E+15,0.231051711,-0.005426969,0.010266409,0.040010569,0.014112457,-0.046511379
1.33199E+15,0.314441473,-0.002360106,0.018393133,-0.03249435,0.004897195,-0.013773449
1.33199E+15,0.252194231,-0.001505088,0.016017072,0.011324868,-0.012659588,-0.015911771
1.33199E+15,0.247535874,-0.001810825,0.012564372,0.021167866,-0.009049355,-0.010827376
1.33199E+15,0.270960873,0.000860324,0.011277913,-0.035526423,-0.003494397,0.004252483
1.33199E+15,0.279424312,-0.001538405,0.010625405,0.018901831,0.00091609,-0.011312371
1.33199E+15,0.277978216,-0.000227075,0.010808267,-0.012170277,-0.000567911,-0.000134545
1.33199E+15,0.272802202,-0.00038072,0.010449243,-0.005897975,-0.010170211,-0.007830963
1.33199E+15,0.29715785,-0.006485005,0.008274185,0.020711798,-0.007037075,-0.039335536
1.33199E+15,0.301887992,-0.008066065,0.006291579,-0.011907687,0.018353155,-0.053664483
1.33199E+15,0.289439608,-0.008494288,0.01136633,0.0225518,0.033413413,-0.056838563
1.33199E+15,0.367791988,-0.012910715,0.026905766,-0.003116212,0.01355161,-0.076267364
1.33199E+15,0.192770037,-0.002138247,0.016829364,0.007254201,-0.013855054,-0.022068843
1.33199E+15,0.229603109,-0.007607429,0.016946456,0.003918155,-0.029875609,-0.059129352
1.33199E+15,0.218878724,-0.00362992,0.009679023,0.001086434,-0.027420852,-0.030621425
1.33199E+15,0.230321191,-0.001703207,0.00391656,0.000317645,-0.004165352,-0.013804363
1.33199E+15,0.247625667,-0.000348587,0.003196802,-0.01069227,0.011144429,-0.002113892
1.33199E+15,0.252137468,0.000442725,0.006062871,0.001908521,-0.00119325,0.004934128
1.33199E+15,0.24081398,0.001910277,0.005498135,0.004794707,-0.01070242,0.019654621
1.33199E+15,0.258226456,0.001727569,0.003111164,-0.024215989,-0.005861919,0.005879251
1.33199E+15,0.259729887,-0.000731236,0.001599252,0.02095143,0.009484048,-0.003279364
1.33199E+15,0.322828231,0.001340147,0.005039567,-0.020531751,0.018431743,0.006333925
1.33199E+15,0.308600954,-0.004149557,0.010442251,0.013947153,0.008674353,-0.039028357
1.33199E+15,0.299347606,-0.006377069,0.01258593,0.027113071,0.013742443,-0.042113449
1.33199E+15,0.289306892,-0.003047577,0.016194752,-0.031320664,0.007388841,-0.022977761
1.33199E+15,0.313354932,-0.007057547,0.019876181,0.036220581,-0.000586163,-0.044360153
1.33199E+15,0.293413783,-0.004629808,0.018469223,-0.009805545,-0.005419052,-0.032174697
1.33199E+15,0.298546359,-0.004081127,0.017317272,0.003771639,0.001701535,-0.029435508
1.33199E+15,0.292605281,-0.003976245,0.017574803,0.021683744,0.011674127,-0.030193337
1.33199E+15,0.297729665,-0.001480942,0.021493892,-0.030475478,0.011509394,-0.014769891
1.33199E+15,0.315341458,-0.003184287,0.026514051,0.033361585,0.004743203,-0.027557172
1.33199E+15,0.289242548,-0.002683086,0.025805728,-0.002525743,-0.003445061,-0.020548945
1.33199E+15,0.268615194,0.000131706,0.023125711,-0.024394053,-0.005068667,-0.003188104
1.33199E+15,0.301776397,-0.002268821,0.024469699,0.01858337,0.004940796,-0.020255961
1.33199E+15,0.287830317,0.000905121,0.024767083,-0.00893749,0.007968367,0.012445856
1.33199E+15,0.276780189,0.004451832,0.025916797,-0.028078559,0.001524341,0.028682943
1.33199E+15,0.265541827,0.001686619,0.02523828,0.008133516,-0.006185816,0.011075655
1.33199E+15,0.256550929,0.00123799,0.022798011,-0.005217336,-0.011168928,0.014960151
1.33199E+15,0.270074985,0.002996447,0.020989516,-0.034767594,-0.00505254,0.018482411
1.33199E+15,0.264355885,-0.002635214,0.019122375,0.022195423,0.004581088,-0.019085279
1.33199E+15,0.282808223,-0.006111532,0.021516963,0.005002901,0.002524183,-0.040947205
1.33199E+15,0.266359528,-0.004603348,0.020742524,0.003360729,-0.010561563,-0.03939231
1.33199E+15,0.276566335,-0.007522051,0.018342881,0.026857749,0.000872721,-0.049511135
1.33199E+15,0.272991275,-0.004049291,0.018238814,-0.000553077,-0.005968902,-0.033525681
1.33199E+15,0.275029059,-0.002967528,0.016760344,-0.013647552,-0.00488136,-0.025459483
1.33199E+15,0.279120559,-0.004748843,0.015595568,0.017444686,-0.003371544,-0.031856418
1.33199E+15,0.27236766,-0.001602552,0.014249437,-0.002233095,-0.000868787,-0.010731501
1.33199E+15,0.280832027,-0.001305088,0.014452209,0.001313429,0.002355854,-0.009448391
1.33199E+15,0.253020969,-0.000365982,0.013620887,0.007939421,-0.002893522,-0.003237385
1.33199E+15,0.252138104,-0.000140967,0.012843619,-0.017431073,-0.009757754,-0.003026159
1.33199E+15,0.262472294,-0.001410198,0.010798339,0.013840554,-0.008354737,-0.008078465
1.33199E+15,0.274887729,0.00035736,0.009005507,-0.012331835,0.000154248,0.002737848
1.33199E+15,0.272558638,-0.00095799,0.008960333,-0.002646914,0.008844646,-0.010751224
1.33199E+15,0.289612861,-0.000665329,0.012065843,0.016282276,0.000731491,-2.76E-05
1.33199E+15,0.281866872,0.000720204,0.011950768,-0.032022135,-0.014240293,-0.000173028
1.33199E+15,0.263048036,-0.001531154,0.007369257,0.02522842,-0.008420118,-0.002440478
1.33199E+15,0.283319023,0.005739013,0.005573277,-0.009353816,0.000753539,0.047699649
1.33199E+15,0.289688169,0.004273038,0.005946253,-0.012714595,0.006770388,0.029657398
1.33199E+15,0.279878008,0.00498735,0.007779271,0.01058076,-0.002223911,0.044128334
1.33199E+15,0.276071038,0.007740734,0.007264575,-0.029502476,-0.004438364,0.059717323
1.33199E+15,0.282944517,0.005797059,0.006471724,0.007379068,0.015881398,0.050214012
1.33199E+15,0.290570505,0.011625112,0.011899163,-0.013173063,0.044014396,0.087531944
1.33199E+15,0.266104898,0.007315736,0.023258872,-0.003069545,0.00911787,0.069346481
1.33199E+15,0.19645266,0.005111793,0.019426504,-0.003105541,-0.02323994,0.065258439
1.33199E+15,0.200307887,0.008674682,0.015625152,-0.048744749,-0.024124075,0.083063675
1.33199E+15,0.169673147,0.003115217,0.009540055,0.022449566,-0.03369632,0.040097896
1.33199E+15,0.154418494,0.004289939,0.003915869,0.014513337,-0.049992573,0.068175783
1.33199E+15,0.148450592,0.00534527,-0.003197426,-0.030417637,-0.04138794,0.05819356
1.33199E+15,0.169347122,0.00356098,-0.010323787,0.032037064,-0.017808808,0.036240473
1.33199E+15,0.200667679,0.009844963,-0.015234169,0.005142044,0.000759644,0.089976509
1.33199E+15,0.214473425,0.007956269,-0.015449237,-0.010946643,0.018919869,0.07282527
1.33199E+15,0.232642545,0.009992481,-0.011477509,-0.020810978,0.012233378,0.072397768
1.33199E+15,0.257471904,0.003436953,-0.008865075,0.027645914,-0.002058293,0.026855728
1.33199E+15,0.243625334,0.012595453,-0.00795154,0.017676161,-0.001855786,0.102424823
1.33199E+15,0.269467543,0.010341983,-0.008174082,-0.036327716,0.013745411,0.059862291
1.33199E+15,0.264198594,0.004249979,-0.003856011,0.040105673,0.007139151,0.044066393
1.33199E+15,0.268324105,0.013282414,-0.000969383,-0.026214348,-0.007018997,0.093214354
1.33199E+15,0.258998222,0.002427699,-0.002208218,0.005177637,-0.016467617,0.010618934
1.33199E+15,0.261340793,0.009214028,-0.005991357,0.024340145,-0.013826989,0.08278577
1.33199E+15,0.283692576,0.009841736,-0.009301912,-0.036803967,0.005021311,0.043058081
1.33199E+15,0.289923447,0.001901712,-0.007835945,0.042276504,0.011268182,0.027341642
1.33199E+15,0.294556175,0.013822263,-0.003761603,-0.027072306,0.002926437,0.084130036
1.33199E+15,0.239109245,0.000823149,-0.002024275,-0.004911228,-0.001603743,0.000449846
1.33199E+15,0.286630017,0.005704843,-0.002570948,0.037151057,-0.005384161,0.052291995
1.33199E+15,0.310462722,0.012311466,-0.003475569,-0.039950701,0.000355161,0.052744051
1.33199E+15,0.276998006,-0.002511882,-0.003079769,0.033972445,0.016462288,-0.012058756
1.33199E+15,0.315061753,0.005293187,0.001796055,-0.018053664,0.004262935,0.030739847
1.33199E+15,0.28020587,-0.005328109,0.002651179,-0.002129826,-0.007492659,-0.044462188
1.33199E+15,0.269132882,-0.000686359,0.000137049,0.025177448,0.00135387,0.005540548
1.33199E+15,0.326447105,0.00283156,0.000833555,-0.033367198,0.00166004,-0.002332227
1.33199E+15,0.289755768,-0.005166051,0.000808657,0.034227479,0.008351647,-0.02521557
1.33199E+15,0.288297765,0.003258943,0.003164871,-0.018903468,-0.001244861,0.020940046
1.33199E+15,0.265485041,-0.002725314,0.002530815,-0.002546871,-0.005486535,-0.022887172
1.33199E+15,0.295372857,-0.001438334,0.000947987,0.019945378,2.50E-05,0.00351974
1.33199E+15,0.271141935,-0.000401535,0.000977619,-0.030921151,-0.001938861,-0.016891868
1.33199E+15,0.271521264,-0.007097638,-0.000103667,0.02507657,0.007009341,-0.043018809
1.33199E+15,0.267945004,0.001297994,0.001545417,-0.002998745,-1.43E-05,0.010695075
1.33199E+15,0.263690501,-0.001858782,0.001500473,-0.014418307,-0.00919986,-0.022594462
1.33199E+15,0.349659565,-0.002557589,-0.001572059,0.019008114,-0.004657401,-0.001239781
1.33199E+15,0.218510445,0.001052076,-0.00189172,-0.023268687,-0.001093437,0.001947679
1.33199E+15,0.285545763,-0.004721906,-0.003087621,0.013784343,0.003507374,-0.030147062
1.33199E+15,0.285108619,0.00101514,-0.002258789,0.002261315,0.003680595,0.007477038
1.33199E+15,0.295509333,-0.003175547,-0.001333517,-0.009677378,0.002226747,-0.029139899
1.33199E+15,0.295114705,-0.000119705,-0.000904993,0.020864144,0.004130221,0.013275321
1.33199E+15,0.284582478,0.004180718,0.000625753,-0.041384368,-0.000453276,0.020411198
1.33199E+15,0.303434658,-0.003585365,0.000325965,0.030349599,0.003907512,-0.019017908
1.33199E+15,0.311953236,0.004585357,0.001576878,-0.010586997,0.011639793,0.035654263
1.33199E+15,0.309769251,-0.000133295,0.005431958,-0.013925547,0.008439747,-0.006563472
1.33199E+15,0.282566269,-0.001314756,0.007172804,0.038403112,0.000821184,0.001040421
1.33199E+15,0.303889905,0.007995249,0.008274652,-0.045579604,-0.016447567,0.03467698
1.33199E+15,0.274308187,-0.003028292,0.002802221,0.033120904,-0.005448525,-0.016718355
1.33199E+15,0.277833768,0.004039168,0.001364651,-0.01351728,0.004177733,0.032066228
1.33199E+15,0.276766993,-0.000207141,0.00269237,-0.008308496,0.002883568,-0.007873956
1.33199E+15,0.26501357,-0.000675873,0.003205778,0.042198326,-0.00328255,0.006737986
1.33199E+15,0.262402344,0.005010214,0.002544426,-0.046002429,-0.007229642,0.028244436
1.33199E+15,0.269165868,-0.002354231,0.000558487,0.020603311,0.001708342,-0.022393456
1.33199E+15,0.279009574,0.001035462,0.000857322,0.022619267,-0.003438768,0.021687706
1.33199E+15,0.280250524,0.002900057,0.000171436,-0.045033806,-0.011814763,0.005003506
1.33199E+15,0.279182842,-0.003497832,-0.003393219,0.043103096,-0.000905849,-0.012736197
1.33199E+15,0.27720355,0.006220997,-0.003477282,-0.026611352,0.00283773,0.041018493
1.33199E+15,0.288401345,-0.004288,-0.002891019,-0.004778481,0.002305629,-0.043287438
1.33199E+15,0.284556561,-0.002334742,-0.002722871,0.032614676,-0.001475246,-0.005409187
1.33199E+15,0.200407205,0.000294572,-0.002174837,-0.038111497,-0.0083277,-0.004664758
1.33199E+15,0.297629421,-0.00606327,-0.006113038,0.030757116,-0.002309977,-0.037064792
1.33199E+15,0.267430509,0.002579424,-0.006290946,-0.002724527,0.003996637,0.025248504
1.33199E+15,0.291955071,-0.001782342,-0.005630076,-0.020201473,0.005766334,-0.026460577
1.33199E+15,0.297169101,-0.002888318,-0.004349332,0.036289951,0.010270308,-0.005782317
1.33199E+15,0.29638486,0.002974621,-0.001191549,-0.033928118,-0.00413048,0.011937771
1.33199E+15,0.308969321,-0.005105208,-0.002755865,0.021570997,0.000550199,-0.028693938
1.33199E+15,0.28371044,0.001895743,-0.002457568,0.002187911,0.002927832,0.019030061
1.33199E+15,0.287174331,-0.001675853,-0.00159501,-0.018196158,0.009728406,-0.022156555
1.33199E+15,0.277689723,-0.003010747,0.00091936,0.035465892,0.003382922,-0.01141471
1.33199E+15,0.272386172,0.002999008,0.001831913,-0.028311379,-0.006420034,0.01319094
1.33199E+15,0.264040461,-0.003692024,-4.62E-05,0.016996355,-0.010472426,-0.027623058
1.33199E+15,0.272882843,0.001592969,-0.003007474,0.007480794,-0.004608276,0.018472499
1.33199E+15,0.280811165,0.000128012,-0.004320345,-0.022590726,2.63E-05,-0.010826797
1.33199E+15,0.284511593,-0.003451534,-0.004528602,0.027807554,0.002649982,-0.015910399
1.33199E+15,0.272033947,0.003848485,-0.003618317,-0.023591715,-0.007204412,0.01908738
